label,risk_score
-1,0.34129944009897006
1,0.7705024672179527
-1,0.05666733395884038
-1,0.5961314597952039
-1,0.3891819206540583
-1,0.5960381548691048
-1,0.38493076302548856
1,0.7811806261187549
1,0.6294599798897536
1,0.7468960354338245
-1,0.11461698352711776
-1,0.529682913589951
-1,0.11275732343191361
-1,0.5827325839917854
-1,0.3883277621326015
-1,0.5758828772799236
-1,0.09542194150939341
-1,0.25553637403859475
-1,0.22480155981791053
-1,0.49958818921097176
-1,0.2754402095815625
1,0.627146870085963
1,0.8333162846870809
-1,0.1351388639136908
-1,0.05662574009411447
-1,0.3111528161566442
1,0.7542199390443273
-1,0.3624077136911291
1,0.6597607421395631
-1,0.22208987723607632
-1,0.2374722450229185
-1,0.19586453018872838
1,0.8763497702168453
1,0.6656819410919953
-1,0.1128649502765304
-1,0.6087683825995086
-1,0.4826590220738107
-1,0.4537730148907884
-1,0.1684894462173205
1,0.8508864950995425
-1,0.28527361647195365
-1,0.2737505393554251
-1,0.5771229428432039
-1,0.2240896275556446
-1,0.5518680291528506
-1,0.3165089906680319
-1,0.26288425472037136
1,0.9293153213040655
-1,0.21504221668439918
1,0.8655001392029307
-1,0.21474017017753827
-1,0.30551590074307206
-1,0.46835385120710493
-1,0.4956591603114997
-1,0.06769405622613794
1,0.764490394807077
1,0.6829481187721955
-1,0.4381827650370992
-1,0.22316472208011126
-1,0.14688539851551213
-1,0.1732581265951034
-1,0.34720316268193047
-1,0.5213555339495497
-1,0.41858118592978777
-1,0.32507989386836045
-1,0.4889390475797197
-1,0.15496004707107588
-1,0.17909542874489212
1,0.6384540712224454
-1,0.31484516750495345
-1,0.40815901295758356
-1,0.34212120396111684
-1,0.2744621106741134
-1,0.07117281788977098
-1,0.3842057428643893
-1,0.41936534655617547
-1,0.5736416486101437
1,0.6642258614410939
-1,0.4304409374669298
1,0.8754913097753203
1,0.6938303483564772
-1,0.39057971456500806
-1,0.20214396218858885
-1,0.4410544331431279
1,0.7706387913895978
-1,0.11226509310204798
1,0.731115812098521
-1,0.4918916249729374
1,0.6230819650760145
-1,0.357688951727807
-1,0.4585769837674704
-1,0.33825918549490597
-1,0.24018752287644068
-1,0.40659734867076114
1,0.9285017112103436
1,0.9310918227626714
-1,0.1710748135467456
-1,0.36477607657414096
-1,0.21306161842036736
-1,0.277649533646645
1,0.6284361066261014
-1,0.5238210522732355
-1,0.139149142865086
-1,0.5585481843887324
-1,0.2333566741950774
-1,0.1712207532449295
-1,0.08102200056864095
-1,0.07669016900777804
1,0.7850664452416928
-1,0.35205203290799597
-1,0.34422560205236935
-1,0.12987500978676905
-1,0.4787694360379168
1,0.6452424537605366
-1,0.08101892981665261
1,0.6952107000748733
-1,0.1481440400841414
-1,0.08669503060732542
-1,0.25561485332953504
-1,0.05358052602853028
-1,0.3258258191635367
-1,0.21850847657126227
1,0.7688967717242288
-1,0.3770529697893685
1,0.8769917623090423
-1,0.50345417358458
-1,0.3934671772212885
-1,0.08447443502047093
-1,0.3194713336505543
-1,0.22250733713432586
-1,0.14732863133119523
-1,0.45202057786859484
-1,0.20632923066525968
-1,0.10002645575155468
-1,0.4749084731859818
-1,0.40421414488053004
1,0.8158333896910548
-1,0.31702221092994515
-1,0.06345185966694132
-1,0.5459988177464965
-1,0.5974277842774736
-1,0.2941984082563711
-1,0.18199621884852774
-1,0.44712232318109385
-1,0.4045409796802602
1,0.8407462172537445
-1,0.3023818415247981
-1,0.5240716944078486
-1,0.505677489192298
1,0.7231178109448757
-1,0.2626470894793973
-1,0.09002983060869583
1,0.6298261124645045
-1,0.16334067346209855
1,0.7822873235578567
1,0.8765769554452559
1,0.6124328692269561
-1,0.3134679531305698
-1,0.3386679886229609
-1,0.2949822816581059
-1,0.2148806437076031
-1,0.5382955497849622
-1,0.27866488573979636
-1,0.1213228771544075
-1,0.18740867400293587
1,0.6224050467453615
1,0.6783081805306902
-1,0.22047665616262915
-1,0.0666521112783467
-1,0.33594505874407754
-1,0.2560013715549426
-1,0.16888005658586147
-1,0.2661477139560632
-1,0.42005891423435504
-1,0.14280587373609951
-1,0.36544182595877633
1,0.6566950124965801
-1,0.45250649782064867
1,0.7119759582082463
-1,0.34903623337052914
-1,0.23248013303857623
-1,0.027717359541998183
-1,0.08348368939901092
-1,0.35597302948651466
-1,0.10271817263822579
-1,0.09619703224020125
-1,0.4060581188902279
-1,0.44281902482206553
-1,0.14327647116002512
-1,0.2630535224947185
-1,0.18806475615358806
-1,0.11687641209283799
-1,0.4410379767375035
1,0.935513758510756
-1,0.2530350077549478
-1,0.5184209084517205
-1,0.4580148087522665
-1,0.2588067231926347
1,0.6670179739038107
-1,0.03111929333065008
-1,0.5528370791771123
-1,0.07398115758041404
-1,0.2609553032283099
-1,0.24632801498198661
-1,0.5846115794199102
1,0.9740876039185407
-1,0.379657178105204
-1,0.42732500170917403
1,0.7404329658693513
1,0.8161212895896344
1,0.7187200424254512
-1,0.035067365288621644
1,0.7666830936836696
-1,0.2509925717730597
-1,0.3738724705542904
1,0.6557314346848317
-1,0.6049238966771285
-1,0.16447657745039318
-1,0.10690380264710765
1,0.7222792379895788
-1,0.06701755333692909
-1,0.1384097695506998
-1,0.3340425594408648
1,0.766971110546523
-1,0.31264949018282145
-1,0.26742060699985004
-1,0.06860270489875175
-1,0.2287293312067076
-1,0.2753128428225072
-1,0.05462940520166911
-1,0.1766894807901425
-1,0.1856370840406446
-1,0.5898739266476773
1,0.7520258032936629
-1,0.07746400181579118
-1,0.17149128460845034
-1,0.15545646692461157
1,0.8900218358722728
-1,0.5829788324900668
-1,0.49278326793089117
-1,0.4330040652996296
-1,0.41695614610515813
-1,0.19741892071956266
-1,0.5824720931048826
1,0.8175859914826589
1,0.735279512564547
-1,0.1734304952577459
-1,0.2081832329603626
1,0.8354724882140089
-1,0.37937545162696296
1,0.9427991036074352
1,0.7349042031262709
1,0.775855131552044
-1,0.592001773476994
-1,0.25192395169096093
-1,0.13554664437182992
-1,0.2721674985233533
-1,0.39285954463370937
1,0.8254470117259214
-1,0.28207314892985863
-1,0.5136387365976566
-1,0.4847944578654274
-1,0.3501453924472487
-1,0.21007793609065115
-1,0.5972160721802692
-1,0.597383212039326
-1,0.1948339399724935
-1,0.12468784302107519
-1,0.4048095931335506
-1,0.6110529130080441
1,0.8870026777632707
-1,0.09348849383960967
1,0.8397434731213357
-1,0.14841571243617413
-1,0.4665748252783449
-1,0.13433773043041505
-1,0.3403255601205729
1,0.6170207380135413
-1,0.1359539717403041
1,0.7530096813136957
-1,0.3102450049366429
-1,0.09477141434621049
-1,0.03330136262376075
-1,0.40337416142994476
-1,0.29359741132769834
-1,0.42145029957541824
-1,0.3631547277036038
1,0.6889995498779137
-1,0.15841699541888696
1,0.6561243677893708
-1,0.14856269519614249
1,0.6636537397455428
-1,0.21280110011655345
-1,0.1270134370676203
1,0.7384610113764121
-1,0.05512162829249398
-1,0.45353093472295747
-1,0.16639683854812753
-1,0.3878395656268335
1,0.7087244660215275
-1,0.17339431093339794
-1,0.30704590164636003
-1,0.5532789364124984
-1,0.49494286047851976
1,0.8516298447241949
-1,0.31774531644360743
-1,0.34106691379370757
-1,0.12515619230834488
-1,0.5203103189032409
1,0.6179714918399049
-1,0.2919681220841507
-1,0.0908577139720096
-1,0.3207021961841489
-1,0.3019005374236871
1,0.6562339149943766
-1,0.05457383336407405
-1,0.3016800773440103
-1,0.1606439394970701
1,0.8076885558872536
-1,0.10721987180086559
-1,0.06051380434150025
1,0.9057026474840614
-1,0.30344057033419647
-1,0.11462101897956019
1,0.7307332394341198
-1,0.43613199688240895
-1,0.5227214443200398
-1,0.3048538832580272
-1,0.24233459763487547
-1,0.3833330124654958
-1,0.29967924515082806
-1,0.4990423238825763
1,0.6825052380679302
-1,0.33241290640337706
-1,0.39502642519660897
-1,0.18114385401408922
-1,0.3352774966421387
-1,0.2732194978336669
-1,0.3165567588380535
-1,0.10338324270625315
-1,0.1376741239565421
-1,0.3571712508275551
1,0.7309829467787949
-1,0.4398646578824832
1,0.8521770821265963
-1,0.19621152235360093
-1,0.13126249871283674
-1,0.527865197493088
-1,0.3577968519617043
-1,0.22697882807899733
1,0.8527282318849901
-1,0.42968363148771954
-1,0.46500642206555715
-1,0.4267390380315323
-1,0.283122968898848
-1,0.30304278973278964
-1,0.12512528018845503
-1,0.4603388651691776
-1,0.4311564586594903
1,0.6416627834649834
1,0.8581063567811216
-1,0.3831935967247116
-1,0.33285543758938246
-1,0.3915075218030224
-1,0.09414386528588882
-1,0.5390631690630412
-1,0.060672597291615095
-1,0.25438454993879145
-1,0.21127231294168952
1,0.9608333783316761
-1,0.5431042823643373
-1,0.26796420718242614
-1,0.19864581515971919
-1,0.04758085700917107
1,0.616778581534291
1,0.9151315241425871
-1,0.23487748583127413
-1,0.3791164584826064
1,0.6132491155775656
-1,0.5286455892814617
-1,0.09895220072201448
1,0.859478089500836
-1,0.3173593614832283
-1,0.18035239009638543
-1,0.3652676183552348
-1,0.19848685570842758
-1,0.3635096809044936
-1,0.10991031615998166
1,0.658852415773356
1,0.9548428904179568
-1,0.10900992096015667
-1,0.6056273861943313
-1,0.11869013887256878
1,0.8950265632587482
-1,0.3569874512338966
-1,0.07333296533042503
-1,0.24192113621195604
-1,0.4068220476282862
-1,0.41903628589723685
-1,0.29523202049371206
1,0.858906099358785
-1,0.12508946980889094
-1,0.15644681702833618
-1,0.18001087641553354
-1,0.13131509283742546
-1,0.3764098613587192
-1,0.30024111798319564
1,0.706827866751859
-1,0.46578845714356226
-1,0.1771557261862501
-1,0.2064093365963562
-1,0.5447524001984789
-1,0.3893695455724134
-1,0.11187934519650873
-1,0.1353763795137465
-1,0.16268008120047223
-1,0.3152948322411385
-1,0.2068923209683973
-1,0.35030407440222894
-1,0.3875574808096724
-1,0.34858664804872075
1,0.6135778959761459
-1,0.17941531371030287
-1,0.3021504409509398
-1,0.19845404940207273
-1,0.14366527283910924
-1,0.5215415810618164
-1,0.4509579706736052
-1,0.38099417437882394
-1,0.341066481277766
-1,0.5646920022902385
-1,0.06788720601617236
-1,0.43503753775572696
-1,0.37858268817321733
-1,0.2756764703730919
1,0.7612950219287862
-1,0.21469389052676024
-1,0.3648101593688578
-1,0.11998465254055592
-1,0.18562580071373905
-1,0.519225926338617
-1,0.171148343617279
-1,0.13791866871084638
-1,0.28662285656311925
-1,0.2404404523035962
-1,0.1387979373275557
-1,0.04056312200345952
1,0.9826972556969403
-1,0.16096334532897663
-1,0.3042854660949353
-1,0.5342815010100124
-1,0.2921985479254511
-1,0.5222117362792649
-1,0.08122664861878917
1,0.6264268849185639
-1,0.24365760129645744
-1,0.4769939429378319
-1,0.44426922565228805
-1,0.4885927107442763
-1,0.39648188663473355
-1,0.5970942152045735
-1,0.16100069233314027
-1,0.31336757360426176
1,0.8718400645375584
-1,0.440595138860014
-1,0.18669000071147238
-1,0.3327575502488417
-1,0.33931177082991004
-1,0.5381145957093383
-1,0.5849440850957986
1,0.6229761247019944
-1,0.20173605683661164
-1,0.28611354833495256
1,0.8075025005513186
-1,0.42144320185993767
-1,0.34932747901639133
-1,0.5142205231753258
-1,0.14644726373075775
-1,0.19363669024088248
-1,0.16183376710522043
-1,0.14624463414364497
-1,0.12208997647920239
1,0.8101841003243385
-1,0.09577735944266558
-1,0.21578383345576455
-1,0.07487222146378264
-1,0.28626020844807765
1,0.6937691056417601
-1,0.22315533585940928
-1,0.21578150097757728
-1,0.2239551284022422
-1,0.09783039403534753
1,0.7278119912079827
-1,0.24829048103976892
-1,0.585598042975855
-1,0.3358521667519998
-1,0.12403291048497937
-1,0.4729279071156956
-1,0.2877972839607091
-1,0.4773589002141509
-1,0.5321850775316811
-1,0.327824336856858
-1,0.10575711630411598
-1,0.26873444465895635
-1,0.36237171311468097
-1,0.2936989027764424
-1,0.23410634546284995
-1,0.31186779519493824
-1,0.3419792489778638
-1,0.25887673753266166
-1,0.6008616533719449
-1,0.4078229652278488
-1,0.26470904493800057
-1,0.2477047770235549
-1,0.47716063272680515
1,0.7755649310413517
-1,0.07058017557508191
1,0.9678072291939331
-1,0.25636212706498346
-1,0.06727658201850828
-1,0.24948903029111447
-1,0.5872065418349743
-1,0.3499981402665303
-1,0.12193064929516147
-1,0.21557751233396624
-1,0.2886018271365293
1,0.8401174663722629
-1,0.33860464411485636
-1,0.478222298323504
-1,0.15881916786868625
-1,0.2103976465396341
-1,0.13921578074119972
-1,0.2915225915527344
1,0.6830203424543626
-1,0.2079999383069869
-1,0.3083265302383269
-1,0.5270832332211864
-1,0.3444097172728218
-1,0.13429926086133595
-1,0.3073024812483306
1,0.9923222424164737
-1,0.10517572489599084
-1,0.44312528455573635
-1,0.32103121192081313
-1,0.43999314970399894
-1,0.39151001901442917
-1,0.4188589913521163
1,0.639957185683736
-1,0.3187396208209341
-1,0.3688960550213954
-1,0.4849789668982901
1,0.8382114247271326
-1,0.13290720947558768
-1,0.22914106922201338
-1,0.27602419208461093
-1,0.1891669055853115
-1,0.3109906537266331
-1,0.17000034015184878
-1,0.22078415949376987
-1,0.5663010203728647
-1,0.5040854085058418
1,0.8747882680059309
-1,0.28624914017482256
-1,0.4624402610458185
-1,0.5340161927520823
-1,0.3843510582329676
1,0.8126892327434839
1,0.681074256097962
1,0.7560873949893074
-1,0.307122773389759
-1,0.4862924283782374
-1,0.41865546473979914
-1,0.1028125184777403
-1,0.5728165855055877
-1,0.10679887362162627
-1,0.14266867802080357
-1,0.18402387889678917
-1,0.35530687954977813
1,0.6934810140058887
-1,0.35291993918813996
1,0.7802675604257455
1,0.6877793953427128
-1,0.23540648765049557
1,0.6892854925657513
-1,0.5854761404241863
-1,0.5442742843033104
1,0.7408223425917548
-1,0.21076174333527956
-1,0.582509930694115
-1,0.053492922714698604
-1,0.1943127883868051
-1,0.3535319132362152
1,0.8834625031841932
-1,0.3537277396592412
-1,0.33817814541929725
-1,0.07039855290941634
1,0.6297294382855523
-1,0.4449613493150411
-1,0.5133729636227604
1,0.7092480214117325
-1,0.6042820219932993
-1,0.3534712731240929
-1,0.11203872201169553
-1,0.47293462041294665
-1,0.1738087877419863
-1,0.27181861707584076
-1,0.3796936365076567
-1,0.0534513000362204
-1,0.34076869571643764
-1,0.30966804737723136
1,0.6257779349337629
1,0.6607256825353843
-1,0.31662330443739206
-1,0.5423003861020437
-1,0.5340176962028366
-1,0.3491479223512015
-1,0.37886103074683947
-1,0.3902398832068522
1,0.7758918350562303
1,0.6197888955426626
1,0.7466482233931075
-1,0.2664417907014187
-1,0.11218727035902955
-1,0.2505794615991676
-1,0.511742235684116
-1,0.4874540722033777
-1,0.12736866195494645
-1,0.4062512174225825
-1,0.2966077324568305
-1,0.04667640094869829
-1,0.1458174096799725
-1,0.36845001775485314
-1,0.34808335952098174
1,0.9999581041324379
-1,0.12111751320286963
-1,0.5539009287134169
-1,0.041341973061414475
-1,0.2995189925659728
-1,0.28906881246118565
-1,0.4185407446067811
-1,0.2872014598607855
1,0.7393716792910597
1,0.6263243895223035
1,0.7638237831256224
1,0.8934417244883844
-1,0.10229249389977668
-1,0.5692517854152562
1,0.7076863230703789
-1,0.40949245521857996
-1,0.5905964738534555
-1,0.24424568564215252
-1,0.15456024361332651
-1,0.3732381113344188
-1,0.19134135328396806
1,0.8246897977432474
-1,0.3987321337034011
1,0.7834471313594088
1,0.6508585931659245
1,0.9412336435413411
-1,0.534939124904121
-1,0.45530993064034386
-1,0.30162375390157264
-1,0.04940406556703149
-1,0.2689358042608208
-1,0.2208896840583017
-1,0.3645043710551366
-1,0.4266473110862405
1,0.7536730505029308
-1,0.3607466953010184
-1,0.26043625981754254
-1,0.4580817316599044
-1,0.27848552994552844
-1,0.3016944634423795
-1,0.3675527891364494
-1,0.15763948821877394
-1,0.5483915331761594
1,0.8660829849331809
1,0.7720587900426883
1,0.7214886438484212
-1,0.570375185828071
-1,0.5595732272703174
-1,0.46974005069527963
-1,0.4789597421938991
-1,0.27234013723671535
-1,0.46728630865327364
-1,0.4316541541632691
-1,0.11359402004641371
-1,0.10469808768007559
-1,0.21758714973067486
-1,0.2125671771186732
-1,0.18302059361477124
-1,0.38648965559371135
-1,0.3998068820516866
-1,0.2745164769689291
1,0.8915491377171268
-1,0.2564133501566971
-1,0.3465171623933341
-1,0.4057397311154687
1,0.730603717986484
-1,0.28824968192280015
1,0.8532994393075487
-1,0.4874081927004257
-1,0.1974019395218164
-1,0.36726911799698503
-1,0.2118969782889709
-1,0.31005770781815795
1,0.7323441795060365
-1,0.21058548101070798
-1,0.2102900036357668
1,0.6302850037826813
-1,0.18531264563186126
1,0.8417246078351349
1,0.6523466508139244
-1,0.5781782667314002
-1,0.11138241258456148
-1,0.12077394770315691
-1,0.1745797239578341
-1,0.07252994157329143
-1,0.1013534860641232
-1,0.19002271219089753
1,0.817330218574363
-1,0.5351493975788398
-1,0.1345211971284154
-1,0.3499723399357866
1,0.7614616514699688
-1,0.4466654060659964
-1,0.12656237752679822
1,0.6154088647545612
1,0.7264970882160648
-1,0.4447130816993051
-1,0.39569920946554066
-1,0.5432051819980384
-1,0.43717226735004416
-1,0.5549114152637253
-1,0.21088556210233994
-1,0.5233883697951924
-1,0.4023020272450451
-1,0.18381624234019733
-1,0.6041589795830382
-1,0.5122118274765984
-1,0.12296166029998858
-1,0.38483221052383526
-1,0.04151929825380507
-1,0.5559218595023018
-1,0.060576477372272834
-1,0.6050022241431656
-1,0.18119592452087493
-1,0.16797550671958897
1,0.851097448170218
-1,0.22866224040513042
1,0.8497147563118763
-1,0.1943633139810812
-1,0.23710036239173754
1,0.8902913653511999
-1,0.18691496068266072
-1,0.2954278446093656
-1,0.4684777694683455
-1,0.3559350853945567
1,0.6452103359951117
-1,0.26216843448506655
1,0.782262135071229
-1,0.05759382204190499
-1,0.26891012365351796
-1,0.5358008054197878
-1,0.16772704853857193
-1,0.1670631994223897
1,0.6192456601861676
1,0.8194238266555489
-1,0.1992760894387528
1,0.6998104879899829
-1,0.1481205972920324
-1,0.11674949880854832
1,0.8458740389188313
-1,0.4099413518833822
-1,0.35840882661926116
-1,0.38079244703925574
-1,0.3821438072468852
-1,0.20112951875176416
-1,0.41810651772103163
-1,0.1797381200326735
-1,0.5327530014112684
1,0.7167394117476925
1,0.9110848574415845
-1,0.09897657324988475
-1,0.48863995081903766
-1,0.29344847402389257
-1,0.18960787000000096
-1,0.2780996162386867
-1,0.35797284792841116
-1,0.1673691720849285
-1,0.20006539917994792
1,0.8154116858518642
-1,0.38821459715867385
-1,0.14994302155726133
-1,0.3336684620025315
-1,0.3514260230438538
1,0.9467394153043215
-1,0.21218449942051337
-1,0.04986378122502247
-1,0.3563998159954815
-1,0.2961658766453559
-1,0.29591171919686393
1,0.8389579531347431
-1,0.5827964124221561
1,0.8817118930356156
-1,0.5292054468624742
-1,0.3989313429300715
1,0.7439365152405534
-1,0.5377570602532743
-1,0.5693351875672331
-1,0.21177405771016755
-1,0.41928970128565896
-1,0.5035965749721814
-1,0.5593352360353762
-1,0.2457835610010071
-1,0.084595034378739
-1,0.2982253425457293
-1,0.22601827434601315
1,0.9124824977600848
1,0.6249597481279987
1,0.9637153665126371
-1,0.053107537567080906
-1,0.07329855098885812
-1,0.2682193804067858
-1,0.46891750383188024
-1,0.10248333743433004
-1,0.1528491533227826
1,0.631661611490979
-1,0.3128221179289289
-1,0.5881890745311608
1,0.9690045805739093
-1,0.5182868656731524
-1,0.5108948246035622
-1,0.02309910770200439
-1,0.26292237876988356
-1,0.4748426998336632
-1,0.1442394569564631
-1,0.10700230603893941
1,0.888793582561816
-1,0.16334523909282755
-1,0.5529099600511552
-1,0.07525048621657832
-1,0.29912467058585057
-1,0.18386351862652575
-1,0.13826054617644332
-1,0.29576232785286094
-1,0.20456138550002106
1,0.7816151148946802
-1,0.21739254912393366
1,0.6354671184758498
1,0.8193558623887712
-1,0.47096283842142045
-1,0.175375428649194
-1,0.1341231668806432
-1,0.2776626378169236
-1,0.22265351667842181
-1,0.17742554431474955
1,0.6319082479194947
-1,0.18119163589560738
-1,0.4662570607555201
-1,0.19779685721479712
-1,0.46655308988863503
-1,0.10406827084770488
-1,0.18270940562240526
-1,0.08706800782933712
1,0.838082826941741
-1,0.5936105480091883
-1,0.25384344700776107
-1,0.09469874195736594
1,0.6625957226388117
-1,0.4035523286808971
-1,0.21694709377321572
-1,0.3068337938897846
1,0.657918198763169
-1,0.18669481095257165
1,0.8062551942869427
-1,0.5695887922828193
-1,0.14417494813104356
-1,0.35241170117481857
1,0.662325513667682
-1,0.03760182640780481
-1,0.19762655690023573
-1,0.11726580068392903
-1,0.16080532382087262
-1,0.11554478795220906
-1,0.5143997283047398
-1,0.5842305809873667
-1,0.12698781398196898
-1,0.3816629465386883
-1,0.1339909145310537
-1,0.2525553609785361
-1,0.02609201414846809
-1,0.2624867180490462
-1,0.11616799887863048
-1,0.20468659459189284
-1,0.12896647780890522
-1,0.03380883544592623
-1,0.12377537686492501
-1,0.1384625974126342
1,0.6324635931095954
1,0.6753836014430284
-1,0.08537714793990842
-1,0.167838371498323
1,0.6733728907407793
-1,0.14368665217092294
1,0.8678620731629129
-1,0.16258651217841674
-1,0.5489870122841702
1,0.9990992625398931
-1,0.40909089427054895
-1,0.2546292834096105
-1,0.27321808341194437
-1,0.13946117244012488
-1,0.27651891329704414
-1,0.5147119148678583
1,0.8796884794924794
-1,0.3095272589931549
-1,0.29801731124956066
-1,0.24823088661785833
-1,0.12360361720796256
-1,0.23967902396486315
-1,0.6087424144878847
1,0.6850896664423871
-1,0.08423864288411485
1,0.8263016573944234
-1,0.18434774933327294
1,0.6307458061775967
1,0.9247667461038248
-1,0.3759236178669393
1,0.9561328733896732
1,0.7865038818663844
-1,0.2972294390002344
-1,0.33205027987369024
-1,0.11243043030075522
-1,0.07103023129914268
-1,0.13519570205087492
-1,0.27138412029094494
-1,0.25058088107522336
-1,0.5269323553883766
-1,0.057010110343715205
1,0.6682790686957882
-1,0.5318965141635067
1,0.6489051242844814
1,0.8798247053564193
-1,0.4542226392246046
-1,0.25425682768771785
-1,0.39268636489883596
-1,0.5665834782239394
1,0.8230997207964961
-1,0.49661015040749645
1,0.7272775042504299
-1,0.26843860505911166
-1,0.25852047472457346
1,0.7901387080164722
-1,0.103228911470346
1,0.7834937521756407
1,0.6427145768282533
1,0.6910933607010425
-1,0.5388370821989609
-1,0.1553334246821131
-1,0.5442254955771451
-1,0.3671955806952378
-1,0.17007567862762324
-1,0.4956888102431375
1,0.7228539530471766
-1,0.10268253747204224
1,0.7158576878453576
1,0.9095242457662158
1,0.7591363943268739
-1,0.24315533227572264
-1,0.2098521260081252
1,0.8042635966008785
-1,0.4860032829537146
-1,0.1429726771804545
-1,0.4693009616199981
-1,0.27381936887830155
-1,0.20789030389664095
1,0.7567421146817686
-1,0.10715324609314388
1,0.7938266478421762
-1,0.5230580693125813
-1,0.5317975530840707
-1,0.05229316055685953
-1,0.2318680799023054
-1,0.2877771602075188
1,0.6199330702208519
-1,0.11243089669641271
1,0.7863485317379035
-1,0.2805260101158188
-1,0.1343517124706761
1,0.6829246277396563
-1,0.2255016574672101
-1,0.2843948866324399
-1,0.2539898631079144
-1,0.5285230917414416
-1,0.24757458517337266
-1,0.3627375917621393
-1,0.13710102612736788
-1,0.48011880048603645
-1,0.1493660078060692
-1,0.43492969226125383
-1,0.16315844616835837
-1,0.5708495625015226
1,0.6161554490538974
1,0.8830584181730007
-1,0.11405601594865482
1,0.8449404592448565
-1,0.6095911363157277
1,0.8269312356432378
1,0.8601678270007396
-1,0.23979163041160656
-1,0.18683658221799032
-1,0.48055194836977183
1,0.6353921266025764
-1,0.08357677739863387
1,0.8884904700770125
1,0.644893029462757
-1,0.6096363880452387
-1,0.41380258020365973
1,0.9881627755664532
1,0.8501256570603601
-1,0.24684729546340606
-1,0.0921081368445435
1,0.6857271129111463
-1,0.3508329912001664
-1,0.34015441832898924
-1,0.4351983224881521
-1,0.5315018124762962
-1,0.10543719458757389
-1,0.4976220617618904
1,0.7383532926731804
-1,0.4248816452964296
-1,0.4435716713872992
-1,0.21107444726912633
-1,0.154484573721272
-1,0.24745561169909047
-1,0.4563064144037421
-1,0.5229156402118074
-1,0.10269521290620535
1,0.7271164852112952
-1,0.07959574853721614
-1,0.27588871882237037
-1,0.15545281674687653
-1,0.2954204376081701
1,0.8137834685834978
-1,0.3750861783672724
1,0.9544470459189751
1,0.739069257338244
-1,0.31276457419140063
-1,0.5452976187819819
-1,0.549654002187203
-1,0.48116452810211024
1,0.6826210282634225
1,0.6695847938721214
-1,0.4550745097176545
-1,0.46101548091797717
-1,0.4482881602847346
-1,0.26932484455800554
1,0.7456602918484205
-1,0.39501156882820715
-1,0.013258970719709183
-1,0.2971917275282415
-1,0.0792252392278643
-1,0.5068181874301351
-1,0.22081013666019833
-1,0.2940793620278311
-1,0.1777391830806015
-1,0.3081220624396331
1,0.7688541261050434
-1,0.20439959039409486
-1,0.15432398936890132
-1,0.10324220089024844
-1,0.25440986153930406
-1,0.2609553235345427
-1,0.33756816798081546
1,0.7953998876026659
-1,0.27869335660489364
-1,0.5853524597120131
-1,0.059540962828688905
1,0.7039617596640941
-1,0.15823544285831714
-1,0.16017000254211503
-1,0.058744263597333465
-1,0.39519081049141214
-1,0.33844213639653625
-1,0.5011317330091757
-1,0.2162170131769559
1,0.6755741083431495
1,0.8456192351746232
-1,0.3547640089537138
-1,0.2195116273851892
-1,0.1724585757413397
1,0.63908171548668
-1,0.11843864022052032
-1,0.32511654665377915
-1,0.28055830703724327
-1,0.3075892454997162
-1,0.20894337739877739
-1,0.31455610936912193
-1,0.34783666320104867
-1,0.10704479297926017
-1,0.297969712972046
-1,0.49089090687593806
-1,0.3562432806768962
1,0.8545372342672354
-1,0.10632502376799179
-1,0.36983518090812934
-1,0.28103194778007334
-1,0.23077622111014012
-1,0.4820525825631574
-1,0.030672038166093183
-1,0.18462313103751482
-1,0.1641745822430327
1,0.6785288844730923
1,0.6553983154694067
-1,0.2775905926496156
-1,0.1368693506287788
-1,0.2032453891003882
-1,0.18961159605801323
-1,0.11206282929934121
-1,0.3727129498447955
-1,0.03173832077986664
1,0.7577829239782302
-1,0.1207948870514982
-1,0.23922495123166987
-1,0.1596251135214912
-1,0.08701738789357956
1,0.6534147862503185
1,0.6405030021057686
1,0.8836465582701268
-1,0.039377027939917146
-1,0.44381548232034873
1,0.8164631433682737
-1,0.5804773882768125
-1,0.2251909220992507
-1,0.4485983716545861
1,0.7720277028928898
-1,0.1716004850746687
-1,0.06531912360622041
-1,0.17090638908366892
-1,0.14278460941913634
-1,0.5889089661449333
1,0.7882284329737133
-1,0.190480820636323
1,0.6673541337651951
-1,0.4019174386463481
-1,0.041712121287232416
-1,0.060196009516517525
-1,0.4742144368749583
1,0.7478833891490203
1,0.8068637197870842
-1,0.17336222027071413
-1,0.07089889791332785
-1,0.1521006160994705
-1,0.5387075850357813
-1,0.08284924788382414
-1,0.010286026960395354
-1,0.5019963516543814
-1,0.5433319052933281
1,0.7376603533734084
-1,0.4491974507525909
-1,0.17922063247745532
-1,0.20696542660023864
1,0.7396363120147946
-1,0.40744637589514193
-1,0.21650419800755089
-1,0.2417114369894518
-1,0.10989780705288746
1,0.6502326839265086
-1,0.3724233153100246
1,0.8446436646147673
1,0.6926424293335125
-1,0.11205464830656942
-1,0.46405031958861975
-1,0.26361631548531134
-1,0.11288468206494259
-1,0.32411223200070555
1,0.6656573667136707
-1,0.11133116912394506
1,0.754669338983726
-1,0.23603020562554466
1,0.8141295941748666
-1,0.5981615641280138
-1,0.0899925853018166
1,0.662430755981774
-1,0.34184583590603845
-1,0.11276001995734392
-1,0.3202844129601334
-1,0.20685966915932338
-1,0.1396226009105424
-1,0.10123657723194854
-1,0.35829933037220746
-1,0.14095446830113129
-1,0.12297456337155419
-1,0.09039783074070157
-1,0.10706500197862098
-1,0.21815666239595766
-1,0.36044845775499407
-1,0.49424890878626726
-1,0.2710665261308856
1,0.6584563053261626
1,0.7361727472811752
-1,0.49276338525339675
-1,0.17996377928759225
-1,0.11335506441644701
-1,0.05779604307865903
-1,0.30121918281348176
-1,0.3378441017285399
-1,0.20684582198549462
-1,0.6056763913173261
1,0.6222278802743728
1,0.6776515587905823
-1,0.12174143916611882
-1,0.044422302148082904
1,0.9578599693534524
1,0.6536394133017487
-1,0.23576079582285578
-1,0.25085033734035633
-1,0.07687722334606427
-1,0.18168556152106358
-1,0.2662946329763765
-1,0.25247805695529196
1,0.7970562829671839
1,0.6751737330291493
-1,0.1994054035612926
1,0.895128087634328
-1,0.030039816561094352
-1,0.08170077467641688
-1,0.1845594909510959
-1,0.5143834604077764
-1,0.07237493116167731
1,0.6506531254931032
-1,0.09673114516392868
-1,0.18784366444787312
-1,0.09721820741389399
1,0.7037213011149769
-1,0.16513960010720238
-1,0.44485436635942477
-1,0.2895685972369329
-1,0.19033971403637964
1,0.682596281204084
-1,0.29225972931015937
-1,0.22490606844857833
1,0.886202061027181
1,0.6580011596551938
1,0.6433772611521472
-1,0.5800588699223268
1,0.866760755933547
-1,0.4428653210872178
-1,0.39826603330378063
1,0.8608429486250726
-1,0.17277052649378957
-1,0.33458171526942815
-1,0.4311116669850831
1,0.755418192750868
-1,0.1693091842202213
-1,0.44455255446714714
-1,0.16157405732064603
-1,0.1331957989741939
-1,0.2200094398826523
-1,0.12088176750804605
-1,0.13245234462522312
-1,0.09789956347439865
-1,0.1234689307107215
-1,0.33569150305940015
-1,0.16984711758930113
1,0.7075953202344504
-1,0.352359011587549
-1,0.1175149707678969
-1,0.6085690108958608
-1,0.34298836116496545
-1,0.23527267707786964
1,0.9221106467848718
-1,0.08800355210579584
1,0.8212631605150005
-1,0.04694684422918831
-1,0.29165727056862856
-1,0.18272219944736137
1,0.6639507017150864
-1,0.19403556663626237
-1,0.35303531359107354
-1,0.5187639473201794
-1,0.2605141061756178
-1,0.1509636605117013
-1,0.5700143528079488
1,0.8540490278220938
-1,0.30606625437361906
-1,0.48752523846944584
-1,0.3421078616975016
1,0.7433574296832517
-1,0.5177789784995565
-1,0.2124937594336316
1,0.6914205414999054
-1,0.27132163631195105
-1,0.19304111099932225
-1,0.09181445119291881
-1,0.34265956916826296
-1,0.38888713227620586
-1,0.3097701010341058
-1,0.09089095318423279
-1,0.22693497986803723
-1,0.38486456531441293
-1,0.507745469237414
-1,0.22330336371056028
-1,0.38151580293119214
-1,0.18970567363651414
-1,0.5792277971815927
-1,0.35798612513493006
-1,0.21434088809896729
-1,0.14223400016440926
-1,0.537900058647681
-1,0.4185772347956749
-1,0.38755068820629873
-1,0.2519638803371638
-1,0.29240966524599554
1,0.9528369815794082
1,0.9967837523243379
-1,0.4831648256564575
1,0.8511159682495614
-1,0.3362699377956536
-1,0.25357530723784044
1,0.7247858378077111
-1,0.13443226999753202
-1,0.33552803451034324
1,0.8418648167404894
-1,0.1656396667739428
1,0.783775579772136
-1,0.3583837721706853
-1,0.34502656164612755
-1,0.25736074433604517
-1,0.17870567718340838
-1,0.5621471338889868
1,0.743338434227603
-1,0.3248198177023367
1,0.6753538350373717
-1,0.2127164554608793
1,0.7920385608535508
-1,0.5125143205708487
-1,0.26265229960418
-1,0.22555770991820998
-1,0.16234977546374577
1,0.727663318708322
-1,0.1926946464521566
-1,0.3973341517769589
1,0.9166791204304868
1,0.6430674408428545
-1,0.27657724910786563
-1,0.12857015768427663
-1,0.4674350410029585
-1,0.17049244426547816
1,0.7708226981380845
-1,0.2290601911199563
-1,0.22390915025549182
1,0.8666269534197805
-1,0.379652818391609
-1,0.15941545239262603
-1,0.13966314830803125
-1,0.3342293241736341
-1,0.22561509145185454
-1,0.18576208072834902
1,0.9371075215084508
-1,0.4754076999856873
-1,0.41556478478451964
-1,0.1224152302219809
-1,0.18934534899970182
-1,0.38842124376734627
-1,0.043519798231520496
-1,0.17322458564215254
1,0.8228416798502758
-1,0.19247122342186407
-1,0.30746685609974195
-1,0.3726203795484154
1,0.7248590157590277
-1,0.31246926638327643
-1,0.43132950862881064
-1,0.3247113285541444
-1,0.24639337143825835
-1,0.13906174662219242
-1,0.5155723938743213
-1,0.3974205407232973
1,0.6676411677892569
-1,0.2034906209809176
1,0.7473136399518747
1,0.7757978711378439
-1,0.10008178957528042
1,0.9193854003891094
-1,0.07439660285133261
-1,0.2583298962550264
1,0.7238205678885989
-1,0.3736724555097698
-1,0.4643379982006679
1,0.7254188902582511
1,0.7381678140596426
-1,0.5928118919223405
-1,0.539259818109041
-1,0.10361024929698895
1,0.6189048673970693
1,0.62236493427373
-1,0.1920096533853265
-1,0.5731392134165023
-1,0.14950713282753553
-1,0.23302701121017388
-1,0.13309121983453737
-1,0.5087027738729094
-1,0.18713577473235896
-1,0.3739252153585717
-1,0.4238802347523018
1,0.6162668573759216
-1,0.0729155775271772
-1,0.5846168142284192
-1,0.3986581252387187
-1,0.2805522044875921
1,0.8997063131847053
-1,0.32146685116069507
1,0.9770237635724761
-1,0.14969717702371835
-1,0.05401986205749476
-1,0.20809097058652531
1,0.8584760557671697
-1,0.3361095900921268
1,0.6308478732918789
-1,0.1894938677801781
-1,0.19938688303076266
-1,0.07526666917314685
1,0.882361561611237
-1,0.10338319070797176
-1,0.50541345271702
1,0.7685034835426512
-1,0.17788949476711896
-1,0.28833189756976435
-1,0.06787780681152267
1,0.6796512780367358
1,0.6604924685641421
-1,0.05724852216810595
-1,0.3883615208259691
-1,0.5968151628021994
-1,0.11422965641750957
-1,0.17566157675848798
-1,0.07366922483540052
-1,0.031868312847473955
-1,0.5776757929787989
-1,0.2672470099611821
-1,0.13173219047296134
1,0.6205257506669479
-1,0.4040342449033989
-1,0.2255540817225712
-1,0.42611453974686325
-1,0.14877709467661537
-1,0.1321392620328116
-1,0.2681195579643431
-1,0.04630632006246987
-1,0.27408069336133656
1,0.7004551230856447
1,0.6277798551090257
1,0.6272274883429091
-1,0.11342672419492353
-1,0.35436661582080375
-1,0.19768364961564122
-1,0.3861928030207525
-1,0.40263836798386826
-1,0.38164787272095685
-1,0.4088833798396339
-1,0.2724339162672441
-1,0.10226900904832621
-1,0.4836227685970564
-1,0.1987835164842343
1,0.9354271792236948
-1,0.5905866574799508
-1,0.3828383298469971
-1,0.35918273723053173
-1,0.42621226567477305
-1,0.09591635149875098
-1,0.34356112640678593
-1,0.5861321112060559
-1,0.14731410845978213
-1,0.26769388087779056
-1,0.17374349627625876
1,0.8167909998024515
-1,0.2118668528529774
-1,0.3143034600823186
-1,0.30798643242132595
-1,0.15125239512844316
-1,0.26433564092792533
-1,0.4950298740080566
1,0.6896001524468097
-1,0.13934180864515894
-1,0.1453469508265811
-1,0.4382088328110686
1,0.7419084826928074
1,0.8048082249580295
-1,0.3437014788248284
1,0.8283585313302376
-1,0.0672640058931919
-1,0.11966473456018441
-1,0.17481319720013813
1,0.9592390063892309
1,0.6284395438225312
-1,0.268669359770917
-1,0.2875425864411279
1,0.910189328527006
-1,0.1728324098981385
-1,0.3603199620521222
-1,0.30565726902005524
-1,0.3381707106712569
-1,0.5881544439071741
-1,0.5230721747901468
-1,0.44976591638714764
-1,0.4691420079248066
-1,0.12980780746858894
1,0.8661823621298428
-1,0.10960355186125835
-1,0.5194755909034537
-1,0.33876984551279704
-1,0.5909032055422226
-1,0.2569466900316389
-1,0.546263136449236
1,0.7017453105430896
1,0.8422038848296975
-1,0.12562679706371324
-1,0.3946184103332485
-1,0.34327597623370854
-1,0.4460581369255131
1,0.7003590988579136
-1,0.41603719674820394
-1,0.06391446835258288
-1,0.29270812270360047
-1,0.05259213464083638
-1,0.38764512039665855
-1,0.15965114794600643
1,0.9798912569683446
-1,0.10346209901611417
-1,0.18110690849235817
-1,0.343071938133209
-1,0.21831674735257278
-1,0.3145877540997345
-1,0.3399353842996722
1,0.7346309680417392
-1,0.4803487597963885
-1,0.19245678680577674
-1,0.21242214277582716
-1,0.2802574719341372
-1,0.18744994577221474
-1,0.11618657884065346
-1,0.5969770794088595
1,0.6927545796394639
-1,0.4245071655414897
-1,0.23098067217235924
1,0.8551870802220869
-1,0.5555852167310257
1,0.8001462453696615
-1,0.08203248601620201
-1,0.3753486658567997
-1,0.08038988741951196
1,0.8695893936085752
1,0.7907178392946804
-1,0.11613885272305663
-1,0.4775056509732484
-1,0.19979555419269304
-1,0.09889508001959575
-1,0.5960270824401787
1,0.6931027408618675
-1,0.14274712915972296
-1,0.22197579439627754
-1,0.505878371459002
1,0.9064289723739604
-1,0.173584142995745
-1,0.10168150159442517
1,0.868813172317316
-1,0.3089184111257917
1,0.8681501968387013
-1,0.03400332859873236
-1,0.19694931510652428
1,0.868932445289782
-1,0.5364652458510044
-1,0.3300491539220925
-1,0.16855348173162815
-1,0.04087393362788344
-1,0.40366075940894214
-1,0.2169232637485656
-1,0.18121278462599077
-1,0.2175816249406702
-1,0.4975112885463786
1,0.7738801212741439
-1,0.2105847365217984
-1,0.25177637908806966
-1,0.2666146078029988
-1,0.4994721203491487
1,0.8769489212166806
-1,0.13847818823125616
-1,0.31420190752901134
1,0.8225315930998846
-1,0.31290541907037644
-1,0.506249733911563
1,0.6201307305363732
1,0.8832378907520455
-1,0.11062495270463005
-1,0.04384923707004702
-1,0.22026962684334284
-1,0.05288566916034384
-1,0.21161349366282978
-1,0.22277649738459293
-1,0.09911105597831192
-1,0.11620024909815872
-1,0.6031541586122683
1,0.8130824661265973
1,0.7742402309701566
-1,0.07334242766239457
-1,0.5700462278065062
-1,0.14528134666165315
-1,0.6094186555811995
1,0.6712009529252632
1,0.8088684271579932
-1,0.49529208604522185
-1,0.30637616266341705
1,0.8945543625745479
-1,0.4137763646430546
1,0.9272192837319825
-1,0.5097950140545012
-1,0.442510999434766
-1,0.4957981517064453
-1,0.31896079835968044
-1,0.2864410391271405
-1,0.4873998564688655
-1,0.3032552378397573
-1,0.4018027991368713
-1,0.4485571864420214
-1,0.2619060109711749
1,0.9061591647235548
-1,0.38155684223519326
-1,0.502417971620503
-1,0.13305286933636104
1,0.7861858106691301
1,0.6909530851352523
-1,0.1909216341263534
1,0.741720977311556
-1,0.20504083451801378
-1,0.3990652257881693
-1,0.1827899622164627
-1,0.06870759151490125
-1,0.1454308091874913
-1,0.16331143086576017
-1,0.49489336960468966
-1,0.5246225846244275
-1,0.5729226543986954
1,0.818896629396914
-1,0.3229756137682894
1,0.7028559435009748
-1,0.5589138622994811
1,0.8572689634130699
-1,0.4412379156626172
-1,0.07922166579180019
-1,0.6031288475248996
-1,0.32431845784154045
-1,0.2185641761272355
1,0.6835369575867513
-1,0.3075524828678013
-1,0.10617913693381914
-1,0.5937965294404105
-1,0.3008471126390757
-1,0.21641399980939566
-1,0.14030444978528273
1,0.8884736582634234
-1,0.1658306808261012
-1,0.12279325761557328
-1,0.269013334178321
-1,0.09345384380541916
-1,0.05102458963073639
-1,0.07294008976812637
-1,0.15207472770658698
-1,0.3795825475451307
-1,0.19328257997911263
1,0.9002203975549222
-1,0.17084148853066614
-1,0.08660003735539608
-1,0.14477092022117388
-1,0.22580562187146716
-1,0.3023182962888621
-1,0.37018737672422325
-1,0.5856090183930799
-1,0.2096779447433365
-1,0.25415998539234386
-1,0.57571235731428
-1,0.20122312889766183
-1,0.17351398339144958
-1,0.1548505535058187
1,0.8207374083950266
-1,0.32410231559890423
1,0.7943829336063333
-1,0.3090707709055305
-1,0.28402364087724424
-1,0.26413625656643336
-1,0.17653826695526992
-1,0.11056832565144725
-1,0.5675960853269536
-1,0.3005448741617661
-1,0.2362271216712064
-1,0.09043508803876923
-1,0.26130369476310966
-1,0.5344368826449462
-1,0.3249855833941406
-1,0.1715509679405025
-1,0.2194028692601891
-1,0.318133788526387
-1,0.23185322980096906
-1,0.47858276713743425
-1,0.28170113198738306
-1,0.43703740538741725
-1,0.1906087627346145
-1,0.3097716052043741
-1,0.15855622387984591
1,0.865568203188943
-1,0.25157041504003363
-1,0.08791931607396881
-1,0.501709564754916
-1,0.5185286933927937
-1,0.5681428506242602
-1,0.3640865798204605
-1,0.6090545424871853
-1,0.24046291022525618
-1,0.5593114787850128
-1,0.3381855210009265
-1,0.25723974354105883
-1,0.12480264273691045
-1,0.33019137784385505
1,0.8736205837483936
-1,0.5847759651632966
-1,0.1235842433896598
-1,0.38515238519291994
1,0.8029833644497391
-1,0.4376357985524557
-1,0.5956676918080036
-1,0.16069679689336913
1,0.7157797477303282
-1,0.22455098503866017
-1,0.19729311863217874
1,0.6669586367107299
-1,0.5882431157403873
-1,0.19548314930175384
-1,0.20911493266918849
-1,0.5427904628687101
1,0.8827709897505837
-1,0.48822433957461375
1,0.7381932251343527
1,0.6473953573707341
-1,0.586535033843183
-1,0.11473885366625318
-1,0.22962986068283625
-1,0.48057611997716065
-1,0.5928037379929518
-1,0.10949667691968003
-1,0.3949937515395544
-1,0.020610246716771023
1,0.891925378193429
-1,0.35993193230287895
-1,0.10113964759656414
-1,0.5793841986773296
-1,0.38327887419812706
-1,0.399781801906284
-1,0.36551752222789746
-1,0.10803340892049895
-1,0.5014228253791384
1,0.8008177554565004
-1,0.1193643038070414
1,0.9208476483537552
-1,0.30623328874280903
-1,0.20271785104329956
-1,0.3544892029729009
-1,0.35078576617678986
-1,0.598899612251641
1,0.8255326648045732
-1,0.31025040209771887
-1,0.44753778323561355
-1,0.12871962098674042
1,0.6848256483771115
-1,0.16557272972566098
1,0.9678528268466676
-1,0.3553127036898299
-1,0.26070586827063497
-1,0.09294119201357946
-1,0.22413576558107554
-1,0.3087439207806057
-1,0.33177042633494747
-1,0.07199167803590195
-1,0.07164419466931335
-1,0.5342149030319449
1,0.6922386202619839
-1,0.14099011949879123
1,0.760660142769496
1,0.6416884038672737
-1,0.22970209759083265
-1,0.3356806494073626
-1,0.23027934958602794
-1,0.12586419250996075
-1,0.2525669415616305
-1,0.11733029828281129
-1,0.12450107294360033
-1,0.21127810259617702
-1,0.13264803032273062
1,0.6223018035345643
-1,0.23404779262222675
-1,0.08143533064392067
1,0.9578061624863836
-1,0.10575811945253698
-1,0.4534522008324513
-1,0.3053603253846314
-1,0.4697019638538957
1,0.9942048355215573
-1,0.34685373304288986
1,0.6715795402815514
-1,0.43543165921754273
1,0.8432261865707813
-1,0.2553729125166813
-1,0.2555817520748303
-1,0.20434203961944605
-1,0.09813149447659222
-1,0.1354055914393891
-1,0.23331166973186573
-1,0.24839355073749395
-1,0.5488326527561457
-1,0.2610715982124045
-1,0.31817970624673564
-1,0.1764324344580793
-1,0.4018275451687235
-1,0.17016682142444173
-1,0.3304311335291858
-1,0.2858801615221868
1,0.6942799326530739
-1,0.04005713936232103
1,0.7042606638992671
-1,0.18972648730538064
-1,0.25778296533810563
-1,0.29258778914403094
-1,0.16148653061951113
-1,0.22696272650654437
1,0.9350535277975597
-1,0.42785003054508214
-1,0.17463268872349952
-1,0.3550566364350555
-1,0.3983830917534961
-1,0.2880817584729435
-1,0.16135199424312108
-1,0.05584173482530131
-1,0.12514759795381739
-1,0.3683648555471515
-1,0.11836384549004061
-1,0.3493070050491858
-1,0.28972947815428596
-1,0.5201776261836933
-1,0.5878111689251919
-1,0.42427796655612415
-1,0.09416342000262344
-1,0.342023445639569
1,0.9709759795155858
-1,0.3173238797222632
-1,0.5457525205788244
-1,0.11917072480690055
-1,0.3480084349605954
1,0.8235698187065423
-1,0.36987764652061245
-1,0.3931738560943677
-1,0.28601504743103956
1,0.6831688175865421
-1,0.07293930293555863
1,0.9009757482292349
-1,0.2125648084136472
-1,0.287639391684086
1,0.7113225510028913
-1,0.46755564767108776
-1,0.12929977503519877
-1,0.51629132893441
1,0.8246302354510989
-1,0.1494823819876275
-1,0.16054994005213133
1,0.7857028929582563
-1,0.15025645149568284
-1,0.4893747156289923
-1,0.5230931066361609
-1,0.3865784502506214
-1,0.5054608082714516
-1,0.44388652931470296
-1,0.2559015560125368
1,0.6439013823957057
1,0.7460945697370216
-1,0.2696649198063473
-1,0.46435897077687155
-1,0.3076305641788106
1,0.7104789301744178
-1,0.4516897598784426
-1,0.10546446589082534
-1,0.06729728874480843
-1,0.4469318792647879
1,0.6146661782450542
-1,0.08439958049421827
-1,0.38105235269338394
1,0.9517968692212855
-1,0.0603239724245184
1,0.6451899330564732
1,0.7899861033779121
-1,0.31413157387947666
-1,0.03791854460483239
-1,0.4718676130656209
-1,0.23905962332489433
-1,0.5475258722831894
1,0.9354648900614667
1,0.6417562700903994
-1,0.4197605766746133
-1,0.1030517701097256
-1,0.08142818999390118
1,0.7745228637959529
-1,0.4786174083249901
1,0.8789043016227739
-1,0.2490462809308301
-1,0.1460920868217804
-1,0.21584868570312582
-1,0.10168910346287012
-1,0.1139956337601296
-1,0.2513599434172601
-1,0.16014291266907585
-1,0.09752233328031404
-1,0.11668889924732358
-1,0.1291892477682524
-1,0.49336533940731064
-1,0.33797492210460944
-1,0.17577673783617045
-1,0.5145044489698816
-1,0.03511584771133196
-1,0.3778404789739356
-1,0.2000654363407928
1,0.6317963986359103
1,0.9346214948867549
-1,0.05011463599258298
-1,0.4305238861855742
-1,0.1824629539703217
-1,0.15364333041244843
-1,0.1208721037783767
-1,0.20400164157633977
-1,0.28601474774301977
-1,0.4331981039720691
1,0.9300879263558991
-1,0.10521997691611533
1,0.6668066343791376
-1,0.5332530493046379
-1,0.5249388162297357
-1,0.049172630511299
1,0.7998903800638306
-1,0.1284812524843781
-1,0.3651403232195598
-1,0.49814698955446485
-1,0.12135853522115203
-1,0.3290573751447253
-1,0.17576573880810697
-1,0.21345749191115612
-1,0.14476027149573337
-1,0.20692572085007405
-1,0.30478371861877745
1,0.7134553259115007
1,0.8937098739326452
-1,0.39428174669121246
-1,0.6025096157046179
-1,0.04633813378678257
-1,0.40219904482184893
1,0.6574047539467347
-1,0.10267000069371014
1,0.7942049685711307
1,0.9047796252789201
-1,0.2762657834836665
-1,0.13231443143294092
-1,0.22751067881351733
-1,0.16969843183007557
-1,0.12722428928135157
-1,0.12615091213091648
-1,0.3326792985939017
1,0.8202435237387993
-1,0.5005783795310449
-1,0.13618901368810407
1,0.710507912567892
-1,0.34791461124627493
-1,0.5834572713239393
1,0.6196432807184247
-1,0.334925014877451
-1,0.4090390691295203
-1,0.4740164614937007
-1,0.053714960794508444
1,0.8027859337343357
-1,0.13494732703403572
1,0.8521493913758992
-1,0.49013643651125777
1,0.686353117435905
-1,0.0707010593034967
-1,0.1478063729603121
-1,0.5651961401489867
-1,0.5560740908327461
-1,0.44330553865851685
-1,0.16556468040944317
-1,0.2461940807185576
-1,0.31534088707367197
-1,0.10239812225068812
-1,0.21362507227445982
-1,0.4077791518519573
1,0.6661275715570817
